Workbook
Name Slicer_main_category: #N/A

Sheet Dashboard
A1: Amazon Product Performance Dashboard | J1: Category | K1: Avg Rating
J2: =vw_category_performance!A2 -> Car&Motorbike | K2: =vw_category_performance!D2 -> 3.8
A3: Total Products | B3: Total Reviews | C3: Avg Rating | D3: Avg Discount % | J3: =vw_category_performance!A3 -> Computers&Accessories | K3: =vw_category_performance!D3 -> 4.1549669
A4: =vw_kpi_summary!A2 -> 1465 | B4: =vw_kpi_summary!B2 -> 26766377 | C4: =vw_kpi_summary!C2 -> 4.0965847 | D4: =vw_kpi_summary!D2 -> 47.691468 | J4: =vw_category_performance!A4 -> Electronics | K4: =vw_category_performance!D4 -> 4.081749
J5: =vw_category_performance!A5 -> Health&PersonalCare | K5: =vw_category_performance!D5 -> 4
A6: 📊 Visual Analytics | J6: =vw_category_performance!A6 -> Home&Kitchen | K6: =vw_category_performance!D6 -> 4.0407159
J7: =vw_category_performance!A7 -> HomeImprovement | K7: =vw_category_performance!D7 -> 4.25
J8: =vw_category_performance!A8 -> MusicalInstruments | K8: =vw_category_performance!D8 -> 3.9
J9: =vw_category_performance!A9 -> OfficeProducts | K9: =vw_category_performance!D9 -> 4.3096774
J10: =vw_category_performance!A10 -> Toys&Games | K10: =vw_category_performance!D10 -> 4.3
A30: 📈 Pricing & Discount Insights
A46: 🏆 Top 10 Products by Reviews

Sheet vw_category_performance
A1: main_category | B1: total_products | C1: total_reviews | D1: avg_rating
A2: Car&Motorbike | B2: 1 | C2: 1118 | D2: 3.8
A3: Computers&Accessories | B3: 453 | C3: 7728689 | D3: 4.1549669
A4: Electronics | B4: 526 | C4: 15778848 | D4: 4.081749
A5: Health&PersonalCare | B5: 1 | C5: 3663 | D5: 4
A6: Home&Kitchen | B6: 448 | C6: 2991069 | D6: 4.0407159
A7: HomeImprovement | B7: 2 | C7: 8566 | D7: 4.25
A8: MusicalInstruments | B8: 2 | C8: 88882 | D8: 3.9
A9: OfficeProducts | B9: 31 | C9: 149675 | D9: 4.3096774
A10: Toys&Games | B10: 1 | C10: 15867 | D10: 4.3
F22: a

Sheet vw_discount_analysis
A1: discount_pct_clean | B1: avg_rating | C1: product_count
A2: 0 | B2: 4.2408163 | C2: 49
A3: 81 | B3: 4.1857143 | C3: 7
A4: 72 | B4: 3.96 | C4: 5
A5: 31 | B5: 4.2285714 | C5: 14
A6: 45 | B6: 3.9888889 | C6: 18
A7: 14 | B7: 4.1363636 | C7: 11
A8: 77 | B8: 3.8882353 | C8: 17
A9: 51 | B9: 4.0823529 | C9: 17
A10: 68 | B10: 4.11 | C10: 10
A11: 30 | B11: 4.1333333 | C11: 12
A12: 43 | B12: 4.0875 | C12: 32
A13: 6 | B13: 3.95 | C13: 4
... A92: 39 | B92: 4.1461538 | C92: 13

Sheet vw_kpi_summary
A1: total_products | B1: total_reviews | C1: avg_rating | D1: avg_discount
A2: 1465 | B2: 26766377 | C2: 4.0965847 | D2: 47.691468

Sheet vw_price_segment
A1: price_segment | B1: total_products | C1: avg_rating
A2: Luxury | B2: 1465 | C2: 4.0965847

Sheet vw_top_products
A1: product_name | B1: main_category | C1: discounted_price_clean | D1: rating_clean | E1: rating_count_clean
A2: AmazonBasics Flexible Premium HDMI Cable (Black, 4K@60Hz, 18Gbps), 3-Foot | B2: Electronics | D2: 4.4 | E2: 426973
A3: Amazon Basics High-Speed HDMI Cable, 6 Feet - Supports Ethernet, 3D, 4K video,Black | B3: Electronics | D3: 4.4 | E3: 426973
A4: Amazon Basics High-Speed HDMI Cable, 6 Feet (2-Pack),Black | B4: Electronics | D4: 4.4 | E4: 426973
A5: AmazonBasics Flexible Premium HDMI Cable (Black, 4K@60Hz, 18Gbps), 3-Foot | B5: Electronics | D5: 4.4 | E5: 426972
A6: boAt Bassheads 100 in Ear Wired Earphones with Mic(Taffy Pink) | B6: Electronics | D6: 4.1 | E6: 363713
A7: boAt Bassheads 100 in Ear Wired Earphones with Mic(Furious Red) | B7: Electronics | D7: 4.1 | E7: 363713
A8: boAt BassHeads 100 in-Ear Wired Headphones with Mic (Black) | B8: Electronics | D8: 4.1 | E8: 363711
A9: Redmi 9 Activ (Carbon Black, 4GB RAM, 64GB Storage) | Octa-core Helio G35 | 5000 mAh Battery | B9: Electronics | D9: 4.1 | E9: 313836
A10: Redmi 9A Sport (Coral Green, 2GB RAM, 32GB Storage) | 2GHz Octa-core Helio G25 Processor | 5000 mAh Battery | B10: Electronics | D10: 4.1 | E10: 313836
A11: Redmi 9A Sport (Carbon Black, 2GB RAM, 32GB Storage) | 2GHz Octa-core Helio G25 Processor | 5000 mAh Battery | B11: Electronics | D11: 4.1 | E11: 313832
A12: Redmi 9A Sport (Coral Green, 3GB RAM, 32GB Storage) | 2GHz Octa-core Helio G25 Processor | 5000 mAh Battery | B12: Electronics | D12: 4.1 | E12: 313832
A13: boAt Bassheads 225 in Ear Wired Earphones with Mic(Blue) | B13: Electronics | D13: 4.1 | E13: 273189
... A51: boAt Rockerz 400 Bluetooth On Ear Headphones With Mic With Upto 8 Hours Playback & Soft Padded Ear Cushions(Grey/Green) | B51: Electronics | D51: 4.1 | E51: 97174
